smooth_term,x_min,x_max,effect_min_at_x,effect_min,effect_max_at_x,effect_max,zero_crossings_partial_effect,significant_positive_x_ranges_95ci,significant_negative_x_ranges_95ci
WindSpeed,0.822,5.426,1.86660504,-1.15514077,5.426,4.50236118,1.46; 3.00,3.88-5.43,1.79-1.94; 2.25-2.37
Humidity,22.034,91.278,59.85635294,-2.95190389,91.278,5.4184167,28.79; 70.21,22.03-23.78; 73.82-91.28,52.29-66.84
NO2,4.49452,58.66572,4.49452,-18.14535863,58.66572,33.27916633,24.28,25.43-58.67,4.49-23.16
CO,0.18962,1.07888,0.18962,-11.4115551,1.07888,41.36669633,0.52,0.54-1.08,0.19-0.50
O3,8.6474,157.70402,8.6474,-20.316699,112.61126101,6.28980977,41.33,46.22-155.20,8.65-37.46
