Metric,Value
Train rows,1168.0
Test rows,293.0
Number of predictors,14.0
RMSE,11.643081969794242
MAE,7.128106199317406
R2,0.7786812628056184
OOB R2,0.7875674943549614
